Key;RU;ENG;DE;HU;FR
CollectionDeck;Колода;Deck;Deck;Pakli;Pioche
CollectionOffers;Офферы;Offers;Angebote;Ajánlatok;Offres
CollectionBosses;Боссы;Bosses;Bosse;Főellenfelek;Adversaires
CollectionEmpty;Пока пусто;Nothing here yet;Noch nichts vorhanden;Még nincs itt semmi;Rien pour le moment
DeckEmpty;В колоде нет карт;No cards in the deck;Das Deck ist leer;Nincs kártya a pakliban;Aucune carte dans la pioche
BossRewardsEmpty;Пока нет побеждённых боссов;No defeated bosses yet;Noch keine Bosse besiegt;Még nem győztél le főellenfelet;Aucun adversaire vaincu
OffersPermanent;До конца забега;Until the end of the run;Bis zum Ende des Durchlaufs;A menet végéig;Jusqu’à la fin de la partie
OffersTemporary;Временные эффекты;Temporary effects;Vorübergehende Effekte;Ideiglenes hatások;Effets temporaires
OffersPending;Ожидают срабатывания;Pending effects;Ausstehende Effekte;Aktiválásra váró hatások;Effets en attente
OfferAfterBoss;После победы над боссом;After defeating the boss;Nach dem Sieg über den Boss;A főellenfél legyőzése után;Après la victoire contre l’adversaire
OfferUntilBoss;До победы над боссом;Until the boss is defeated;Bis zum Sieg über den Boss;A főellenfél legyőzéséig;Jusqu’à la défaite de l’adversaire
OfferTriggersIn;До срабатывания: {count} раунд.;Activates in {count} rounds;Wird in {count} Runden aktiviert;{count} forduló múlva aktiválódik;S’active dans {count} manches
OfferRoundsLeft;Осталось: {count} раунд.;{count} rounds remaining;Noch {count} Runden;Még {count} fordulóig tart;Encore {count} manches
Profile;Профиль;Profile;Profil;Profil;Profil
ProfileUnavailable;Недоступен;Unavailable;Nicht verfügbar;Nem elérhető;Indisponible
ProfileUnavailableMessage;Профиль {slots} недоступен. Восстановление не удалось. Исходные файлы сохранены. Выберите другой профиль.;Profile {slots} is unavailable. Recovery failed. Original files are preserved. Choose another profile.;Profil {slots} ist nicht verfügbar. Die Wiederherstellung ist fehlgeschlagen. Die Originaldateien wurden aufbewahrt. Wähle ein anderes Profil.;A(z) {slots}. profil nem érhető el. A helyreállítás sikertelen volt. Az eredeti fájlok megmaradtak. Válassz másik profilt.;Le profil {slots} est indisponible. La restauration a échoué. Les fichiers d’origine ont été conservés. Choisissez un autre profil.
ProfileRecoveredMessage;Профиль {slots} восстановлен из резервной копии. Последнее сохранение могло быть потеряно.;Profile {slots} was restored from a backup. The most recent save may have been lost.;Profil {slots} wurde aus einer Sicherung wiederhergestellt. Der letzte Spielstand ist möglicherweise verloren gegangen.;A(z) {slots}. profilt biztonsági mentésből állítottuk helyre. A legutóbbi mentés elveszhetett.;Le profil {slots} a été restauré depuis une copie de sauvegarde. La sauvegarde la plus récente a peut-être été perdue.
ProfileSaveFailed;Не удалось сохранить профиль. Проверьте доступ к папке Profiles и свободное место.;Could not save the profile. Check access to the Profiles folder and free disk space.;Das Profil konnte nicht gespeichert werden. Prüfe die Zugriffsrechte für den Ordner Profiles und den freien Speicherplatz.;Nem sikerült menteni a profilt. Ellenőrizd a Profiles mappa hozzáférési jogosultságait és a szabad lemezterületet.;Impossible d’enregistrer le profil. Vérifiez les droits d’accès au dossier Profiles et l’espace disque disponible.
MenuStart;Начать игру;Start;Spielen;Játék indítása;Jouer
MenuOption;Настройки;Options;Einstellungen;Beállítások;Réglages
SettingsTitle;Настройки;Options;Einstellungen;Beállítások;Réglages
MusicVolume;Громкость музыки;Music volume;Musiklautstärke;Zene hangereje;Volume de la musique
CapitalRaceLabel;Победа:;Victory:;Sieg:;Győzelem:;Victoire :
CapitalRaceCondition;капитал больше Бота3;capital above Bot3;mehr Kapital als Bot3;több tőke, mint Bot3-nál;capital supérieur à celui de Bot3
Level6PlayerTurn;Ход игрока;Player turn;Du bist am Zug;Te következel;À vous de jouer
Level6BotTurn;Ход Бота3;Bot3 turn;Bot3 ist am Zug;Bot3 következik;Au tour de Bot3
Level6BotThinking;Бот3 думает...;Bot3 is thinking...;Bot3 überlegt …;Bot3 gondolkodik…;Bot3 réfléchit…
Level6BotSelling;Продаёт;Selling;Verkauft;Eladás;Vente
Level6BotBuying;Покупает;Buying;Kauft;Vásárlás;Achat
Level6BotHolding;Держит;Holding;Hält die Position;Tartás;Conservation
Level6BotNoTrades;Без сделок;No trades;Keine Geschäfte;Nincs ügylet;Aucune transaction
Level6BotEnding;Бот3 завершает ход;Bot3 ends turn;Bot3 beendet den Zug;Bot3 befejezi a körét;Bot3 termine son tour
Level6MarketTurn;Изменение рынка;Market movement;Marktbewegung;Piaci mozgás;Évolution du marché
SettingsBack;Назад;Back;Zurück;Vissza;Retour
MenuTestMode;Тестовый режим;Test Mode;Testmodus;Tesztmód;Mode test
MenuQuit;Выход;Quit;Beenden;Kilépés;Quitter
MainQuit;Выход;Quit;Beenden;Kilépés;Quitter
PauseTitle;Пауза;Pause;Pause;Szünet;Pause
PauseContinue;Продолжить;Continue;Fortsetzen;Folytatás;Continuer
PauseSaveExit;Сохранить и выйти;Save and exit;Speichern und beenden;Mentés és kilépés;Enregistrer et quitter
PauseRestartLevel;Начать заново;Start over;Neu beginnen;Újrakezdés;Recommencer
PauseRestartConfirm;Начать уровень заново?;Start this level over?;Dieses Level neu beginnen?;Újrakezded ezt a szintet?;Recommencer ce niveau ?
PauseRestartWarning;Прогресс текущей попытки будет потерян.;Current run progress will be lost.;Der Fortschritt dieses Durchlaufs geht verloren.;A jelenlegi menetben elért haladás elvész.;La progression de la partie en cours sera perdue.
PauseCancel;Отмена;Cancel;Abbrechen;Mégse;Annuler
LifecycleSelected;Выбрано;Selected;Ausgewählt;Kiválasztva;Sélectionné
LifecycleSilver;Серебряные карты;Silver cards;Silberkarten;Ezüstkártyák;Cartes argentées
LifecycleBlack;Чёрные карты;Black cards;Schwarze Karten;Fekete kártyák;Cartes noires
LifecycleGold;Золотые карты;Gold cards;Goldkarten;Aranykártyák;Cartes dorées
LifecycleContinue;Продолжить;Continue;Weiter;Folytatás;Continuer
Level1Year;1815;1815;1815;1815;1815
Level2Year;1825;1825;1825;1825;1825
Level3Year;1830;1830;1830;1830;1830
Level4Year;1845;1845;1845;1845;1845
Level5Year;1847;1847;1847;1847;1847
Level6Year;1850;1850;1850;1850;1850
Level6Cond;Стабилизация рынка. Биржа становится обычным финансовым институтом.;Market stabilization. The stock exchange becomes a conventional financial institution.;Die Märkte stabilisieren sich. Die Börse etabliert sich als Finanzinstitution.;A piac stabilizálódik. A tőzsde megszokott pénzügyi intézménnyé válik.;Stabilisation du marché. La Bourse devient une institution financière ordinaire.
Level1Cond;В 1815 году началась эпоха биржевой игры. Победите одного босса, чтобы понять, как всё работает.;You start the game in 1815. Beat one boss to learn how everything works.;1815 beginnt dein Abenteuer an der Börse. Besiege einen Boss, um das Spiel kennenzulernen.;A játék 1815-ben kezdődik. Győzz le egy főellenfelet, hogy megismerd a játék működését.;Votre aventure commence en 1815. Battez un adversaire pour découvrir les règles du jeu.
Level3Cond;В 1830 году открылась линия Ливерпуль-Манчестер. Акции начали покупать обычные люди. Победите трёх боссов.;The Liverpool-Manchester line opened in 1830. Ordinary people began buying shares. Beat three bosses.;1830 wird die Bahnstrecke Liverpool–Manchester eröffnet. Auch einfache Bürger beginnen, Aktien zu kaufen. Besiege drei Bosse.;1830-ban megnyílt a Liverpool–Manchester vasútvonal. A hétköznapi emberek is részvényeket kezdtek vásárolni. Győzz le három főellenfelet.;La ligne Liverpool–Manchester ouvre en 1830. Les particuliers commencent à acheter des actions. Battez trois adversaires.
Level4Cond;Как и на третьем уровне, победите трёх боссов. В начале каждого хода Shareholder'ы могут отключить один рынок.;As on level three, beat three bosses. At the start of each turn, Shareholders may disable one market.;Besiege wie im dritten Level drei Bosse. Zu Beginn jedes Zuges können Shareholder einen Markt für den Handel sperren.;A harmadik szinthez hasonlóan győzz le három főellenfelet. Minden kör elején a Shareholder kártyák letilthatják az egyik piacot.;Comme au troisième niveau, battez trois adversaires. Au début de chaque tour, les Actionnaire peuvent bloquer un marché.
Level5Cond;Пик железнодорожной мании. Победите четырёх боссов.;The peak of railway mania. Defeat four bosses.;Die Eisenbahnspekulation erreicht ihren Höhepunkt. Besiege vier Bosse.;A vasútmánia tetőpontja. Győzz le négy főellenfelet.;L’apogée de la fièvre ferroviaire. Battez quatre adversaires.
Boss1Text;Джеймс Уатт - самый простой босс. Особых условий нет: просто победите его.;James Watt is the easiest boss. There are no special conditions: just beat him.;James Watt ist der einfachste Boss. Es gibt keine besonderen Bedingungen. Besiege ihn einfach.;James Watt a legkönnyebb főellenfél. Nincsenek különleges feltételek: egyszerűen győzd le.;James Watt est l’adversaire le plus facile. Aucune règle spéciale : il suffit de le battre.
Boss1Reward;Персональной награды нет.;No personal reward.;Keine persönliche Belohnung.;Nincs egyéni jutalom.;Aucune récompense personnelle.
Boss2Text;Адам Смит. В каждом раунде на один ход меньше.;Adam Smith. Each round is one turn shorter.;Adam Smith. Jede Runde ist einen Zug kürzer.;Adam Smith. Minden forduló egy körrel rövidebb.;Adam Smith. Chaque manche dure un tour de moins.
Boss2Reward;После хода вы добираете две карты. Случайная красная карта добавляется в колоду и раздаётся по общим правилам.;After each turn, you draw two cards. A random red card is added to your deck and dealt normally.;Nach jedem Zug ziehst du zwei Karten nach. Eine zufällige rote Karte wird deinem Deck hinzugefügt und nach den üblichen Regeln ausgeteilt.;Minden kör után két lapot húzol. Egy véletlenszerű piros kártya kerül a paklidba, amelyet a szokásos módon húzhatsz fel.;Après chaque tour, vous piochez deux cartes. Une carte rouge aléatoire rejoint votre pioche et peut être tirée normalement.
Boss3Text;Роберт Фултон. Придётся сыграть на один обычный раунд больше.;Robert Fulton. You must play one additional regular round.;Robert Fulton. Du musst eine zusätzliche reguläre Runde spielen.;Robert Fulton. Egy további rendes fordulót kell játszanod.;Robert Fulton. Vous devez jouer une manche ordinaire supplémentaire.
Boss3Reward;Следующие раунды начинаются с 2$. И одна Drop-карта добавится в ваш инвентарь.;Following rounds start with $2. One Drop card is added to your inventory.;Die folgenden Runden beginnen mit 2 $. Eine Drop-Karte wird deinem Inventar hinzugefügt.;A következő fordulókban 2 dollárral indulsz. Egy Drop kártya kerül a készletedbe.;Les manches suivantes commencent avec 2 $. Une carte Baisse est ajoutée à votre inventaire.
Boss4Text;Николя Аппер. Цели повышены.;Nicolas Apper. Goals are increased.;Nicolas Appert. Die Zielbeträge sind höher.;Nicolas Apper. Magasabb célösszegeket kell elérned.;Nicolas Apper. Les objectifs sont plus élevés.
Boss4Reward;В стартовой руке будут до двух случайно выбранных красных карт, уже находящихся в колоде.;Your starting hand contains up to two randomly selected red cards already present in your deck.;Deine Starthand enthält bis zu zwei zufällig ausgewählte rote Karten aus deinem Deck.;A kezdő kezedbe legfeljebb két véletlenszerű piros kártya kerül a paklidban már meglévők közül.;Votre main de départ comprend jusqu’à deux cartes rouges choisies au hasard parmi celles de votre pioche.
Boss5Text;Сэмюэль Слейтер. Рука на одну карту меньше.;Samuel Slater. Your hand is one card smaller.;Samuel Slater. Du hast einen Handkartenplatz weniger.;Samuel Slater. Eggyel kevesebb lap lehet a kezedben.;Samuel Slater. Votre main contient une carte de moins.
Boss5Reward;Игра длится на два хода дольше. Случайная серебряная карта поступает в отдельный инвентарь.;The game lasts two turns longer. A random silver card enters your separate inventory.;Die Runde dauert zwei Züge länger. Eine zufällige Silberkarte kommt in dein separates Inventar.;A játék két körrel tovább tart. Egy véletlenszerű ezüstkártya kerül a külön készletedbe.;La partie dure deux tours de plus. Une carte argentée aléatoire rejoint votre réserve séparée.
CardReportBoss5Reward;Игра длится на два хода дольше.;The game lasts two turns longer.;Die Runde dauert zwei Züge länger.;A játék két körrel tovább tart.;La partie dure deux tours de plus.
Boss6Text;Ричард Аркрайт. В конце каждого хода он может украсть часть ваших акций.;Richard Arkwright may steal some of your shares at the end of each turn.;Richard Arkwright kann dir am Ende jedes Zuges einen Teil deiner Aktien stehlen.;Richard Arkwright minden kör végén ellophatja a részvényeid egy részét.;Richard Arkwright peut voler une partie de vos actions à la fin de chaque tour.
Boss6Reward;Вы получаете 3 серебряные карты (должно быть место).;You receive 3 silver cards (storage space required).;Du erhältst 3 Silberkarten, sofern genügend Platz im Inventar vorhanden ist.;3 ezüstkártyát kapsz, ha van hely a készletedben.;Vous recevez 3 cartes argentées, sous réserve de places disponibles.
Boss7Text;Адольф Кольбе. Торговать можно только на нечётных ходах. На чётных ходах стрелки покупки и продажи не работают.;Adolph Kolbe. You can trade only on odd turns. On even turns, buy and sell arrows do not work.;Adolph Kolbe. Du kannst nur in ungeraden Zügen handeln. In geraden Zügen sind die Kauf- und Verkaufspfeile gesperrt.;Adolph Kolbe. Csak páratlan körökben kereskedhetsz. Páros körökben a vételi és eladási nyilak nem működnek.;Adolph Kolbe. Vous ne pouvez négocier que les tours impairs. Les flèches d’achat et de vente sont désactivées les tours pairs.
Boss7Reward;20 Наполеондоров;20 Napoleondors;20 Napoleondor;20 napóleonarany;20 napoléons d’or
Boss8Text;Фридрих Лист. Торгует против игрока и начинает с 12 акциями B, втрое больше обычного. На последнем ходу продаёт весь портфель.;Friedrich List. Trades against the player and starts with 12 B shares, three times the usual amount. Sells his entire portfolio on the final turn.;Friedrich List handelt gegen dich und beginnt mit 12 B-Aktien, dreimal so vielen wie üblich. Im letzten Zug verkauft er sein gesamtes Portfolio.;Friedrich List ellened kereskedik, és a szokásos mennyiség háromszorosával, 12 B-részvénnyel indul. Az utolsó körben eladja a teljes portfólióját.;Friedrich List négocie contre vous et commence avec 12 actions B, soit trois fois la quantité habituelle. Il vend tout son portefeuille au dernier tour.
Boss8Reward;Следующий магазин будет бесплатным.;The next shop is free.;Im nächsten Laden ist alles kostenlos.;A következő boltban minden ingyenes.;La prochaine boutique est gratuite.
Boss9Text;Жак Лаффит. Торгует против игрока и начинает с 4 акциями B. Нельзя покупать акции, которые стоят 2 доллара.;Jacques Laffitte. Trades against the player and starts with 4 B shares. Stocks priced at 2 dollars cannot be bought.;Jacques Laffitte handelt gegen dich und beginnt mit 4 B-Aktien. Aktien zum Kurs von 2 $ können nicht gekauft werden.;Jacques Laffitte ellened kereskedik, és 4 B-részvénnyel indul. A 2 dolláros részvényeket nem lehet megvenni.;Jacques Laffitte négocie contre vous et commence avec 4 actions B. L’achat d’actions à 2 dollars est interdit.
Boss9Reward;Карты Upside и Downside усиливаются на 4 процентных пункта каждая.;Upside and Downside cards become 4 percentage points stronger each.;Die Effekte von Upside- und Downside-Karten werden jeweils um 4 Prozentpunkte verstärkt.;Az Upside és Downside kártyák hatása egyenként 4 százalékponttal erősödik.;Les effets des cartes Potentiel haussier et Potentiel baissier gagnent chacun 4 points de pourcentage.
Boss10Text;Роберт Стефенсон. За ход можно сыграть не более одной Gain/Drop/Regulation-карты и одной красной или синей карты.;Robert Stephenson. Per turn, you may play at most one Gain/Drop/Regulation card and one red or blue card.;Robert Stephenson. Pro Zug darfst du höchstens eine Gain/Drop/Regulation-Karte und eine rote oder blaue Karte spielen.;Robert Stephenson. Körönként legfeljebb egy Gain/Drop/Regulation és egy piros vagy kék kártyát játszhatsz ki.;Robert Stephenson. Par tour, vous pouvez jouer au plus une carte Gain/Baisse/Régulation et une carte rouge ou bleue.
Boss10Reward;На старте следующих раундов уровня вы получаете дополнительные 2 акции C.;You start the following rounds of the level with 2 additional C shares.;Du beginnst die folgenden Runden dieses Levels mit 2 zusätzlichen C-Aktien.;A szint következő fordulóit 2 további C-részvénnyel kezded.;Vous commencez les manches suivantes du niveau avec 2 actions C supplémentaires.
Boss11Text;Томас Мальтус. Торгует против игрока и начинает с 4 акциями B. Игру нельзя продлить никакими картами. Бонусы ходов от ранее побеждённых боссов продолжают действовать.;Thomas Malthus. Trades against the player and starts with 4 B shares. The game cannot be extended by any cards. Turn bonuses from previously defeated bosses still apply.;Thomas Malthus handelt gegen dich und beginnt mit 4 B-Aktien. Karten können die Runde nicht verlängern. Zusätzliche Züge durch bereits besiegte Bosse bleiben erhalten.;Thomas Malthus ellened kereskedik, és 4 B-részvénnyel indul. Kártyákkal nem hosszabbítható meg a játék. A korábban legyőzött főellenfelektől kapott plusz körök megmaradnak.;Thomas Malthus négocie contre vous et commence avec 4 actions B. Aucune carte ne peut prolonger la partie. Les tours gagnés contre les adversaires précédents restent acquis.
Boss11Reward;До конца забега доступно одно дополнительное общее место для чёрных, серебряных и золотых карт. После поражения бонус исчезает.;Until the end of the run, gain one additional shared slot for black, silver, and gold cards. The bonus is lost on defeat.;Bis zum Ende des Durchlaufs erhältst du einen zusätzlichen gemeinsamen Platz für schwarze Karten, Silber- und Goldkarten. Bei einer Niederlage geht dieser Bonus verloren.;A menet végéig egy további közös helyet kapsz a fekete, ezüst- és aranykártyáknak. Vereség esetén ez a bónusz elvész.;Une place commune supplémentaire pour les cartes noires, argentées et dorées jusqu’à la fin de la partie. Ce bonus est perdu en cas de défaite.
Boss12Text;Давид Рикардо. Торгует против игрока и начинает с 4 акциями B. На каждом рынке доступно только два места для карт вместо трёх.;David Ricardo. Trades against the player and starts with 4 B shares. Each market has only two card slots instead of three.;David Ricardo handelt gegen dich und beginnt mit 4 B-Aktien. Jeder Markt hat nur zwei Kartenplätze statt drei.;David Ricardo ellened kereskedik, és 4 B-részvénnyel indul. Minden piacon három helyett csak két kártyahely van.;David Ricardo négocie contre vous et commence avec 4 actions B. Chaque marché ne dispose que de deux emplacements de cartes au lieu de trois.
Boss12Reward;Случайная золотая карта. Сначала каждая доступная золотая карта с указанной для неё вероятностью попадает в пул, затем из пула случайно выбирается одна карта.;A random gold card. First, every available gold card enters the pool according to its own probability, then one card is selected randomly from that pool.;Eine zufällige Goldkarte. Zunächst wird für jede verfügbare Goldkarte anhand ihrer eigenen Wahrscheinlichkeit bestimmt, ob sie in den Auswahlpool gelangt. Daraus wird anschließend eine Karte zufällig gezogen.;Egy véletlenszerű aranykártya. Először minden elérhető aranykártya a saját valószínűségével kerül be a választékba, majd abból véletlenszerűen sorsolunk egyet.;Une carte dorée aléatoire. Chaque carte disponible entre d’abord dans la sélection selon sa propre probabilité. Une carte est ensuite tirée au hasard dans cette sélection.
Boss13Text;Жан-Батист Сей. Торгует против игрока и начинает с 4 акциями B. На каждый ход даётся 7 секунд. Когда таймер достигает нуля, ход завершается автоматически.;Jean-Baptiste Say. Trades against the player and starts with 4 B shares. Each turn lasts 7 seconds. When the timer reaches zero, the turn ends automatically.;Jean-Baptiste Say handelt gegen dich und beginnt mit 4 B-Aktien. Du hast 7 Sekunden pro Zug. Sobald die Zeit abläuft, endet dein Zug automatisch.;Jean-Baptiste Say ellened kereskedik, és 4 B-részvénnyel indul. Egy kör 7 másodpercig tart. Az idő lejártakor a kör automatikusan véget ér.;Jean-Baptiste Say négocie contre vous et commence avec 4 actions B. Chaque tour dure 7 secondes et se termine automatiquement à l’expiration du délai.
Boss13Reward;Случайная награда;Random reward;Zufällige Belohnung;Véletlenszerű jutalom;Récompense aléatoire
Boss13PrizeNapoleondors5;Случайная награда: 5 наполеондоров.;Random reward: 5 Napoleondors.;Zufällige Belohnung: 5 Napoleondor.;Véletlenszerű jutalom: 5 napóleonarany.;Récompense aléatoire : 5 napoléons d’or.
Boss13PrizeNapoleondors7;Случайная награда: 7 наполеондоров.;Random reward: 7 Napoleondors.;Zufällige Belohnung: 7 Napoleondor.;Véletlenszerű jutalom: 7 napóleonarany.;Récompense aléatoire : 7 napoléons d’or.
Boss13PrizeNapoleondors10;Случайная награда: 10 наполеондоров.;Random reward: 10 Napoleondors.;Zufällige Belohnung: 10 Napoleondor.;Véletlenszerű jutalom: 10 napóleonarany.;Récompense aléatoire : 10 napoléons d’or.
Boss13PrizeGoldCard;Случайная награда: золотая карта.;Random reward: a gold card.;Zufällige Belohnung: eine Goldkarte.;Véletlenszerű jutalom: egy aranykártya.;Récompense aléatoire : une carte dorée.
Boss13PrizeGoldCardEmpty;Пул золотых карт оказался пуст.;The gold-card pool was empty.;Der Auswahlpool für Goldkarten war leer.;Nem volt aranykártya a választékban.;Aucune carte dorée dans la sélection.
Boss13PrizeRareSilver;Случайная награда: две редкие серебряные карты.;Random reward: two rare silver cards.;Zufällige Belohnung: zwei seltene Silberkarten.;Véletlenszerű jutalom: két ritka ezüstkártya.;Récompense aléatoire : deux cartes argentées rares.
Boss13PrizeRareSilverEmpty;Не удалось выдать две редкие серебряные карты.;Two rare silver cards could not be awarded.;Es konnten keine zwei seltenen Silberkarten vergeben werden.;Nem sikerült kiosztani a két ritka ezüstkártyát.;Impossible d’attribuer les deux cartes argentées rares.
Boss13PrizeHandSlot;Случайная награда: +1 место в руке до конца забега.;Random reward: +1 hand slot until the end of the run.;Zufällige Belohnung: ein zusätzlicher Handkartenplatz bis zum Ende des Durchlaufs.;Véletlenszerű jutalom: +1 kézben tartható lap a menet végéig.;Récompense aléatoire : +1 place en main jusqu’à la fin de la partie.
Boss13PrizeLifecycleSlot;Случайная награда: +1 общее место для чёрных, серебряных и золотых карт до конца забега.;Random reward: +1 shared black, silver, and gold card slot until the end of the run.;Zufällige Belohnung: ein zusätzlicher gemeinsamer Platz für schwarze Karten, Silber- und Goldkarten bis zum Ende des Durchlaufs.;Véletlenszerű jutalom: +1 közös hely a fekete, ezüst- és aranykártyáknak a menet végéig.;Récompense aléatoire : +1 place commune pour les cartes noires, argentées et dorées jusqu’à la fin de la partie.
Boss14Text;Джордж Пибоди. Торгует против игрока и начинает с 4 акциями B. Базовая награда уровня в наполеондорах за победу в обычном раунде уменьшается вдвое.;George Peabody. Trades against the player and starts with 4 B shares. The level's base Napoleondor reward for winning a regular round is halved.;George Peabody handelt gegen dich und beginnt mit 4 B-Aktien. Die Grundbelohnung dieses Levels in Napoleondor für Siege in regulären Runden wird halbiert.;George Peabody ellened kereskedik, és 4 B-részvénnyel indul. A rendes fordulók megnyeréséért járó alap napóleonarany-jutalom a felére csökken.;George Peabody négocie contre vous et commence avec 4 actions B. La récompense de base du niveau en napoléons d’or pour une manche ordinaire est divisée par deux.
Boss14Reward;После победы магазины предлагают три специальных предложения вместо двух до конца забега.;After victory, shops offer three special offers instead of two until the end of the run.;Nach dem Sieg bieten die Läden bis zum Ende des Durchlaufs drei Sonderangebote statt zwei an.;Győzelem után a menet végéig kettő helyett három különleges ajánlat jelenik meg a boltokban.;Après la victoire, les boutiques proposent trois offres spéciales au lieu de deux jusqu’à la fin de la partie.
Boss15Text;Джон Джейкоб Астор. В конце хода вся оставшаяся наличность сгорает. Деньги можно сохранять только в акциях.;John Jacob Astor. At the end of each turn, all remaining cash is lost. Money can only be preserved in stocks.;John Jacob Astor. Am Ende jedes Zuges verfällt dein gesamtes übriges Bargeld. Du kannst dein Geld nur in Aktien bewahren.;John Jacob Astor. Minden kör végén elveszik az összes megmaradt készpénzed. Pénzedet csak részvényekben őrizheted meg.;John Jacob Astor. À la fin de chaque tour, vous perdez tout votre argent liquide restant. Seules les actions permettent de préserver votre capital.
Boss15Reward;Вероятность появления редких карт увеличивается.;Rare cards are more likely to appear.;Seltene Karten erscheinen häufiger.;A ritka kártyák gyakrabban jelennek meg.;Les cartes rares apparaissent plus souvent.
Boss16Text;Эли Уитни. Торговля на первом ходу запрещена.;Eli Whitney. Trading is forbidden on the first turn.;Eli Whitney. Im ersten Zug ist der Handel verboten.;Eli Whitney. Az első körben tilos a kereskedés.;Eli Whitney. Toute transaction est interdite au premier tour.
Boss16Reward;Показывает игровые вероятности в течение следующих 5 раундов.;Reveals the game's probabilities for the next 5 rounds.;Zeigt die Spielwahrscheinlichkeiten für die nächsten 5 Runden an.;Megmutatja a játék valószínűségeit a következő 5 fordulóban.;Révèle les probabilités du jeu pendant les 5 prochaines manches.
PopUpRound;Заработайте;Earn;Erreiche;Szerezz;Gagner
PopUpReward;Награда за победу:;Reward:;Belohnung:;Jutalom:;Récompense :
PopUpRewardRandomGain+Shareholder;Случайная Gain/Drop-карта и одна карта Shareholder;Random Gain/Drop card and one Shareholder;Eine zufällige Gain/Drop-Karte und ein Shareholder;Véletlenszerű Gain/Drop kártya és egy Shareholder;Une carte Gain/Baisse aléatoire et un Actionnaire
PopUpRewardRandomGain+Shareholder+Shareholder;Случайная Gain/Drop-карта и две карты Shareholder;Random Gain/Drop card and two Shareholders;Eine zufällige Gain/Drop-Karte und zwei Shareholder;Véletlenszerű Gain/Drop kártya és két Shareholder;Une carte Gain/Baisse aléatoire et deux Actionnaire
PopUpRewardRandomGain+RedCard;Случайная Gain/Drop карта и красная карта;Random Gain/Drop card and red card;Eine zufällige Gain/Drop-Karte und eine rote Karte;Véletlenszerű Gain/Drop kártya és egy piros kártya;Une carte Gain/Baisse aléatoire et une carte rouge
PopUpRedCard+Shareholder;Красная карта и одна карта Shareholder;Red card and one Shareholder;Eine rote Karte und ein Shareholder;Egy piros kártya és egy Shareholder;Une carte rouge et un Actionnaire
PopUpRedCard+Shareholder+Shareholder;Красная карта и две карты Shareholder;Red card and two Shareholders;Eine rote Karte und zwei Shareholder;Egy piros kártya és két Shareholder;Une carte rouge et deux Actionnaire
PopUpSilverCard+Shareholder+Shareholder;Серебряная карта и две карты Shareholder;Silver card and two Shareholders;Eine Silberkarte und zwei Shareholder;Egy ezüstkártya és két Shareholder;Une carte argentée et deux Actionnaire
PopUpReward2RandomGain;Две случайные Gain/Drop-карты;Two random Gain/Drop cards;Zwei zufällige Gain/Drop-Karten;Két véletlenszerű Gain/Drop kártya;Deux cartes Gain/Baisse aléatoires
PopUpReward2RandomGain+Shareholder;Две случайные Gain/Drop-карты и одна карта Shareholder;Two random Gain/Drop cards and one Shareholder;Zwei zufällige Gain/Drop-Karten und ein Shareholder;Két véletlenszerű Gain/Drop kártya és egy Shareholder;Deux cartes Gain/Baisse aléatoires et un Actionnaire
PopUpReward2RandomGain+RedCard;Две случайные Gain/Drop-карты и красная карта;Two random Gain/Drop cards and one red card;Zwei zufällige Gain/Drop-Karten und eine rote Karte;Két véletlenszerű Gain/Drop kártya és egy piros kártya;Deux cartes Gain/Baisse aléatoires et une carte rouge
PopUpRedCard+RandomGain+Shareholder;Красная карта, случайная Gain/Drop-карта и одна карта Shareholder;Red card, one random Gain/Drop card and one Shareholder;Eine rote Karte, eine zufällige Gain/Drop-Karte und ein Shareholder;Egy piros kártya, egy véletlenszerű Gain/Drop és egy Shareholder;Une carte rouge, une carte Gain/Baisse aléatoire et un Actionnaire
PopUp2RedCards+RandomGain;Две красные карты и случайная Gain/Drop-карта;Two red cards and one random Gain/Drop card;Zwei rote Karten und eine zufällige Gain/Drop-Karte;Két piros kártya és egy véletlenszerű Gain/Drop;Deux cartes rouges et une carte Gain/Baisse aléatoire
PopUpSilverCard+RedCard+Shareholder;Серебряная карта, красная карта и одна карта Shareholder;Silver card, one red card and one Shareholder;Eine Silberkarte, eine rote Karte und ein Shareholder;Egy ezüstkártya, egy piros kártya és egy Shareholder;Une carte argentée, une carte rouge et un Actionnaire
PopUp2RedCards+SilverCard;Две красные карты и серебряная карта;Two red cards and silver card;Zwei rote Karten und eine Silberkarte;Két piros kártya és egy ezüstkártya;Deux cartes rouges et une carte argentée
PopUp2RedCards;Две красные карты;Two red cards;Zwei rote Karten;Két piros kártya;Deux cartes rouges
RewardWindowText;Вы получили награду за победу!;You received a victory reward!;Du erhältst eine Belohnung für deinen Sieg!;Megkaptad a győzelmi jutalmat!;Vous avez reçu une récompense de victoire !
FinanceStartingBonus;Стартовый бонус;Starting bonus;Startbonus;Kezdő bónusz;Prime de départ
FinanceAccountBalance;Остаток на счету;Account balance;Kontostand;Egyenleg;Solde du compte
FinanceVictoryReward;Награда за победу;Victory reward;Siegesbelohnung;Győzelmi jutalom;Récompense de victoire
FinanceProfitBonus;Бонус Profit;Profit bonus;Profit-Bonus;Nyereségbónusz;Prime de bénéfice
FinanceInterest;Проценты;Interest;Zinsen;Kamat;Intérêts
FinanceLoanProfit;Loan дал прибыль;Loan made a profit;Ertrag aus Loan;A Loan nyereséget hozott;Bénéfice du Prêt
FinanceBossReward;Награда босса;Boss reward;Bossbelohnung;Főellenfél jutalma;Récompense de l’adversaire
FinanceCommission;Комиссия;Commission;Provision;Jutalék;Commission
FinanceNabob;Бонус Набоба;Nabob bonus;Nabob-Bonus;Nabob-bónusz;Prime Nabab
FinanceObligation;Облигации;Obligations;Anleihen;Obligation kártyák;Obligations
FinanceLongProfit;Long дал прибыль;Long made a profit;Ertrag aus Long;A Long nyereséget hozott;Bénéfice du Placement à terme
FinanceSideway;Бонус Sideway;Sideway bonus;Sideway-Bonus;Sideway-bónusz;Prime Marché stable
FinanceFullDeployment;Бонус Full Deployment;Full Deployment bonus;Full-Deployment-Bonus;Full Deployment-bónusz;Prime Déploiement total
FinanceCardSales;Продажа карт;Card sales;Kartenverkäufe;Kártyaeladások;Ventes de cartes
FinanceJunkBond;Junk Bond дал прибыль;Junk Bond made a profit;Ertrag aus Junk Bond;A Junk Bond nyereséget hozott;Bénéfice de Obligation spéculative
FinanceJunkBondRefund;Возврат Junk Bond;Junk Bond refund;Rückzahlung aus Junk Bond;Junk Bond-visszatérítés;Remboursement de Obligation spéculative
FinanceOtherIncome;Прочий доход;Other income;Sonstige Einnahmen;Egyéb bevétel;Autres revenus
FinanceShareholderBase;Бонус Shareholder Base;Shareholder Base bonus;Shareholder-Base-Bonus;Shareholder Base-bónusz;Prime Actionnariat
FinanceTotal;Всего;Total;Gesamt;Összesen;Total
CardReportTemporary;Временная карта. Пропадёт после победы над боссом.;Temporary card. Disappears after defeating the boss.;Vorübergehende Karte. Sie verschwindet nach dem Sieg über den Boss.;Ideiglenes kártya. A főellenfél legyőzése után eltűnik.;Carte temporaire. Disparaît après la victoire contre l’adversaire.
CardReportNewCardsTitle;Вы получили новые карты:;You received new cards:;Du erhältst neue Karten:;Új kártyákat kaptál:;Vous avez reçu de nouvelles cartes :
CardReportSilver;Серебряная карта. Пропадёт только тогда, когда вы её используете.;Silver card. Disappears only when you use it.;Silberkarte. Sie verschwindet erst, wenn du sie einsetzt.;Ezüstkártya. Csak használat után tűnik el.;Carte argentée. Disparaît uniquement après utilisation.
CardReportGold;Золотая карта. Пропадёт после поражения.;Gold card. Disappears after defeat.;Goldkarte. Sie geht bei einer Niederlage verloren.;Aranykártya. Vereség után eltűnik.;Carte dorée. Disparaît après une défaite.
CardReportPermanent;Вы получили постоянную карту, теперь она всегда будет в вашей стартовой колоде;You received a permanent card. It will now always be in your starting deck.;Du erhältst eine dauerhafte Karte. Sie gehört von nun an immer zu deinem Startdeck.;Állandó kártyát kaptál. Mostantól mindig a kezdő paklid része lesz.;Vous avez reçu une carte permanente. Elle fera désormais toujours partie de votre pioche de départ.
CardReportBossReward;Бонус за победу над боссом. Пропадёт после поражения.;Boss victory bonus. Disappears after defeat.;Bonus für einen Sieg über einen Boss. Er geht bei einer Niederlage verloren.;Főellenfél legyőzéséért kapott bónusz. Vereség után eltűnik.;Bonus obtenu en battant un adversaire. Disparaît après une défaite.
CardReportBossTitle;Бонус за победу над боссом:;Boss victory bonus:;Bonus für den Sieg über den Boss:;Főellenfél legyőzéséért kapott bónusz:;Bonus de victoire contre l’adversaire :
CardReportLevelCompleteTitle;Вы разблокировали новый уровень!;You unlocked a new level!;Du hast ein neues Level freigeschaltet!;Új szintet oldottál fel!;Vous avez débloqué un nouveau niveau !
CardReportTemporaryReset;Временные карты обнулились;Temporary cards were reset.;Vorübergehende Karten wurden entfernt.;Az ideiglenes kártyák törlődtek.;Les cartes temporaires ont été retirées.
CardReportFrugalityBonusOne;Бонус Frugality. В следующем раунде на {turns} ход больше.;Frugality bonus. The next round has {turns} more turn.;Frugality-Bonus. Die nächste Runde dauert {turns} Zug länger.;Frugality-bónusz. A következő forduló {turns} körrel hosszabb.;Bonus Frugalité. La prochaine manche dure {turns} tour de plus.
CardReportFrugalityBonusFew;Бонус Frugality. В следующем раунде на {turns} хода больше.;Frugality bonus. The next round has {turns} more turns.;Frugality-Bonus. Die nächste Runde dauert {turns} Züge länger.;Frugality-bónusz. A következő forduló {turns} körrel hosszabb.;Bonus Frugalité. La prochaine manche dure {turns} tours de plus.
CardReportFrugalityBonusMany;Бонус Frugality. В следующем раунде на {turns} ходов больше.;Frugality bonus. The next round has {turns} more turns.;Frugality-Bonus. Die nächste Runde dauert {turns} Züge länger.;Frugality-bónusz. A következő forduló {turns} körrel hosszabb.;Bonus Frugalité. La prochaine manche dure {turns} tours de plus.
CardReportGoldenStocksTriggered;Golden Stocks сработал!;Golden Stocks triggered!;Golden Stocks wurde ausgelöst!;A Golden Stocks aktiválódott!;La carte Actions dorées s’est activée !
RewardFinalBoss;Поздравляем! Вы разблокировали следующий уровень!;Congratulations! You unlocked the next level!;Glückwunsch! Du hast das nächste Level freigeschaltet!;Gratulálunk! Feloldottad a következő szintet!;Félicitations ! Vous avez débloqué le niveau suivant !
RewardLevel1FinalBoss;Вы открыли второй уровень и магазин. Теперь за победы начисляются наполеондоры, а в игре появляются красные карты.;You unlocked level two and the shop. Victories now award Napoleondors, and red cards appear in the game.;Du hast Level zwei und den Laden freigeschaltet. Siege bringen jetzt Napoleondor, und rote Karten erscheinen im Spiel.;Feloldottad a második szintet és a boltot. A győzelmekért mostantól napóleonarany jár, és piros kártyák jelennek meg a játékban.;Vous avez débloqué le deuxième niveau et la boutique. Les victoires rapportent désormais des napoléons d’or et les cartes rouges apparaissent dans le jeu.
RewardLevel2FinalBoss;Вы открыли третий уровень, золотые и серебряные карты. В магазине доступны покупка карт и лицензий. Стартовый запас следующих уровней увеличен на 2 наполеондора.;You unlocked level three, gold cards, and silver cards. The shop now sells cards and licenses. Later levels start with 2 additional Napoleondors.;Du hast Level drei sowie Gold- und Silberkarten freigeschaltet. Im Laden kannst du jetzt Karten und Lizenzen kaufen. Spätere Level beginnen mit 2 zusätzlichen Napoleondor.;Feloldottad a harmadik szintet, valamint az arany- és ezüstkártyákat. A boltban már kártyákat és licenceket is vásárolhatsz. A későbbi szinteket 2 további napóleonarannyal kezded.;Vous avez débloqué le troisième niveau et les cartes dorées et argentées. La boutique vend désormais des cartes et des licences. Vous commencez les niveaux suivants avec 2 napoléons d’or supplémentaires.
RewardLevel3FinalBoss;Вы открыли четвёртый и пятый уровни и получили первую чёрную карту. Стартовый запас следующих уровней увеличен ещё на 3 наполеондора.;You unlocked levels four and five and received your first black card. Later levels start with 3 additional Napoleondors.;Du hast die Level vier und fünf freigeschaltet und erhältst deine erste schwarze Karte. Spätere Level beginnen mit 3 weiteren Napoleondor.;Feloldottad a negyedik és ötödik szintet, és megkaptad az első fekete kártyádat. A későbbi szinteket 3 további napóleonarannyal kezded.;Vous avez débloqué les quatrième et cinquième niveaux et reçu votre première carte noire. Vous commencez les niveaux suivants avec 3 napoléons d’or supplémentaires.
RewardLevel4FinalBoss;Вы завершили четвёртый уровень! Открыт раздел «Инвестиции». Вы получили чёрную карту Golden Stocks и теперь начинаете следующие уровни ещё с 2 Наполеонами.;You completed level four! The Investments section is now open. You received the Golden Stocks black card and now start subsequent levels with 2 additional Napoleondors.;Level vier geschafft! Der Bereich Investitionen ist jetzt verfügbar. Du erhältst die schwarze Karte Golden Stocks und beginnst spätere Level mit 2 zusätzlichen Napoleondor.;Teljesítetted a negyedik szintet! Megnyílt a Befektetések részleg. Megkaptad a Golden Stocks fekete kártyát, és a következő szinteket 2 további napóleonarannyal kezded.;Quatrième niveau terminé ! La rubrique Investissements est ouverte. Vous avez reçu la carte noire Actions dorées et commencez les niveaux suivants avec 2 napoléons d’or supplémentaires.
RewardLevel5FinalBoss;Пятый уровень пройден! Открыты уровни 6–8. Награды: чёрные карты «Комиссия» и «25%», ещё 2 Наполеона на старте следующих уровней, 4 места для серебряных, чёрных и золотых карт вместо 3. На шестом уровне магазин с самого начала предлагает две карты на продажу.;Level five complete! Levels six, seven, and eight unlocked. Rewards: Commission and 25% black cards, 2 extra Napoleondors at the start of later levels, and room for 4 silver, black, or gold cards instead of 3. On level six, shops offer two cards for sale from the start.;Level fünf geschafft! Die Level sechs bis acht sind freigeschaltet. Du erhältst die schwarzen Karten Provision und 25%, 2 zusätzliche Napoleondor zu Beginn späterer Level und Platz für 4 schwarze Karten, Silber- oder Goldkarten statt 3. In Level sechs bieten die Läden von Anfang an zwei Karten zum Kauf an.;Az ötödik szint teljesítve! Feloldottad a hatodik, hetedik és nyolcadik szintet. Jutalmak: Commission és 25% fekete kártyák, 2 további napóleonarany a későbbi szintek kezdetén, valamint 3 helyett 4 hely az ezüst-, fekete és aranykártyáknak. A hatodik szinten a boltok már kezdettől két kártyát kínálnak.;Cinquième niveau terminé ! Niveaux six, sept et huit débloqués. Récompenses : cartes noires Commission et 25 %, 2 napoléons d’or supplémentaires au départ des niveaux suivants et 4 places au lieu de 3 pour les cartes argentées, noires ou dorées. Au sixième niveau, les boutiques vendent deux cartes dès le départ.
BossVictoryDeckReset;Временные награды обычных раундов сброшены.;Temporary regular-round rewards have been cleared.;Vorübergehende Belohnungen aus regulären Runden wurden entfernt.;A rendes fordulók ideiglenes jutalmai törlődtek.;Les récompenses temporaires des manches ordinaires ont été retirées.
LoseWindowText;Вы проиграли!;You lost!;Du hast verloren!;Vesztettél!;Vous avez perdu !
Level2Cond;В 1825 году произошёл первый биржевой кризис. Победите двух боссов.;The first stock market crash occurred in 1825. Beat two bosses.;1825 kommt es zum ersten Börsenkrach. Besiege zwei Bosse.;Az első tőzsdekrach 1825-ben történt. Győzz le két főellenfelet.;Le premier krach boursier survient en 1825. Battez deux adversaires.
LastBossReward;Вы разблокируете следующий уровень.;You unlock the next level.;Du schaltest das nächste Level frei.;Feloldod a következő szintet.;Vous débloquez le niveau suivant.
LastBossRewardLevel5;Завершает забег пятого уровня.;Completes the level five run.;Schließt den Durchlauf von Level fünf ab.;Lezárja az ötödik szint menetét.;Termine la partie du cinquième niveau.
DeckPermanentCards;Карты постоянной колоды;Permanent deck cards;Dauerhafte Karten;Állandó paklikártyák;Cartes permanentes de la pioche
DeckTemporaryCards;Временные карты (пропадут после победы над боссом);Temporary cards (disappear after defeating a boss);Vorübergehende Karten (verschwinden nach einem Sieg über einen Boss);Ideiglenes kártyák (a főellenfél legyőzése után eltűnnek);Cartes temporaires (disparaissent après la victoire contre un adversaire)
DeckPurchasedCards;Купленные карты (пропадут после поражения);Purchased cards (disappear after defeat);Gekaufte Karten (gehen bei einer Niederlage verloren);Vásárolt kártyák (vereség után eltűnnek);Cartes achetées (disparaissent après une défaite)
DeckRemaining;Оставшаяся колода;Remaining deck;Verbleibende Karten;A pakli megmaradt lapjai;Cartes restantes
DeckFull;Полная колода;Full deck;Gesamtes Deck;Teljes pakli;Pioche complète
MenuLanguages;Языки;Languages;Sprachen;Nyelvek;Langues
LanguagesTitle;Языки империй;Languages of the empires;Sprachen der Reiche;A birodalmak nyelvei;Langues des empires
RussianEmpire;Российская империя;Russian Empire;Russisches Kaiserreich;Orosz Birodalom;Empire russe
BritishEmpire;Британская империя;British Empire;Britisches Weltreich;Brit Birodalom;Empire britannique
LanguageRU;Русский;Russian;Russisch;Orosz;Russe
LanguageENG;Английский;English;Englisch;Angol;Anglais
LanguageSelect;Выбрать язык;Select language;Sprache wählen;Nyelv kiválasztása;Choisir la langue
LanguageSelected;Выбран;Selected;Ausgewählt;Kiválasztva;Sélectionné
LanguagesPlanned;Все запланированные языки доступны;All planned languages are available;Alle geplanten Sprachen sind verfügbar;Minden tervezett nyelv elérhető;Toutes les langues prévues sont disponibles
GermanEmpire;Германская империя;German Empire;Deutsches Reich;Német Birodalom;Empire allemand
LanguageDE;Немецкий;German;Deutsch;Német;Allemand
AustroHungarianEmpire;Австро-Венгерская монархия;Austro-Hungarian Monarchy;Österreichisch-Ungarische Monarchie;Osztrák–Magyar Monarchia;Monarchie austro-hongroise
LanguageHU;Венгерский;Hungarian;Ungarisch;Magyar;Hongrois
SettingsVideo;Видео;Video;Video;Videó;Affichage
SettingsAudio;Звуки;Audio;Audio;Hangok;Audio
SettingsGame;Настройки игры;Game settings;Spieloptionen;Játékbeállítások;Jeu
SettingsExtra;Дополнительно;Additional;Weitere Optionen;További beállítások;Autres
SettingsResolution;Разрешение;Resolution;Auflösung;Felbontás;Résolution
SettingsWindowed;Оконный режим;Windowed mode;Fenstermodus;Ablakos mód;Mode fenêtré
SettingsFullscreen;Полноэкранный;Fullscreen;Vollbild;Teljes képernyő;Plein écran
SettingsEffectsVolume;Громкость звуков;Sound volume;Effektlautstärke;Hangeffekt hangereje;Volume des effets
SettingsHistoricalMusic;Историческая музыка;Historical music;Historische Musik;Történelmi zene;Musique historique
SettingsNormalMusic;Нормальная музыка;Normal music;Normale Musik;Normál zene;Musique habituelle
SettingsCardInfoLine1;Показывать информацию;Show information;Informationen;Információk megjelenítése;Afficher les informations
SettingsCardInfoLine2;по картам;about cards;zu Karten anzeigen;a kártyákról;sur les cartes
SettingsSaveError;Не удалось сохранить настройки;Could not save settings;Einstellungen konnten nicht gespeichert werden;A beállítások mentése sikertelen;Impossible d’enregistrer les réglages
SettingsClose;Закрыть;Close;Schließen;Bezárás;Fermer
SettingsSave;Сохранить;Save;Speichern;Mentés;Enregistrer
SettingsDisplayError;Не удалось изменить режим экрана;Could not change display mode;Anzeigemodus konnte nicht geändert werden;Nem sikerült megváltoztatni a képernyőmódot;Impossible de changer le mode d’affichage
FrenchRepublic;Французская Республика;French Republic;Französische Republik;Francia Köztársaság;République française
LanguageFR;Французский;French;Französisch;Francia;Français
